ad_id,old_name,new_name,missing_fields,changed
120000000001,durability-test | ugc-video | creator-01 | bau | trail-boot | lofi | 2026-03-01,durability-test | ugc-video | prospecting | v1 | 2026-03-01,,yes
120000000002,problem-first | ugc-video | creator-02 | bau | rain-shell | lofi | 2026-03-01,problem-first | ugc-video | prospecting | v1 | 2026-03-01,,yes
120000000003,social-proof | static | house | bau | day-pack | polished | 2026-03-01,social-proof | static | prospecting | v1 | 2026-03-01,,yes
120000000006,founder-story | founder-video | founder | bau | trail-boot | lofi | 2026-03-01,founder-story | founder-video | prospecting | v1 | 2026-03-01,,yes
120000000008,partnership-haul | partnership | creator-03 | bau | day-pack | lofi | 2026-03-01,partnership-haul | partnership | prospecting | v1 | 2026-03-01,,yes
120000000009,packing-list | carousel | house | bau | camp-stove | polished | 2026-03-01,packing-list | carousel | prospecting | v1 | 2026-03-01,,yes
120000000010,weather-ready | ugc-video | creator-04 | bau | rain-shell | lofi | 2026-03-01,weather-ready | ugc-video | prospecting | v1 | 2026-03-01,,yes
120000000011,behind-the-seams | founder-video | founder | bau | tent-2p | lofi | 2026-03-01,behind-the-seams | founder-video | prospecting | v1 | 2026-03-01,,yes
120000000014,comparison | static | house | bau | headlamp | polished | 2026-03-01,comparison | static | prospecting | v1 | 2026-03-01,,yes
120000000017,guarantee | static | house | bau | water-bottle | polished | 2026-03-01,guarantee | static | prospecting | v1 | 2026-03-01,,yes
120000000018,before-after | ugc-video | creator-07 | bau | day-pack | lofi | 2026-03-01,before-after | ugc-video | prospecting | v1 | 2026-03-01,,yes
120000000021,staff-picks | carousel | house | bau | trail-boot | polished | 2026-03-01,staff-picks | carousel | prospecting | v1 | 2026-03-01,,yes
120000000022,trail-diary | partnership | creator-09 | bau | tent-2p | lofi | 2026-03-01,trail-diary | partnership | prospecting | v1 | 2026-03-01,,yes
120000000023,problem-cold-feet | ugc-video | creator-10 | bau | sleeping-bag | lofi | 2026-03-01,problem-cold-feet | ugc-video | prospecting | v1 | 2026-03-01,,yes
120000000026,social-proof-reviews | static | house | bau | rain-shell | polished | 2026-03-01,social-proof-reviews | static | prospecting | v1 | 2026-03-01,,yes
120000000028,fix-it-yourself | ugc-video | creator-12 | bau | camp-stove | lofi | 2026-03-01,fix-it-yourself | ugc-video | prospecting | v1 | 2026-03-01,,yes
120000000007,new-drop | carousel | house | launch | sleeping-bag | polished | 2026-03-06,new-drop | carousel | prospecting | v1 | 2026-03-06,,yes
120000000004,sale-countdown | static | house | promo | tent-2p | polished | 2026-03-09,sale-countdown | static | prospecting | v1 | 2026-03-09,,yes
120000000005,gift-guide | carousel | house | promo | headlamp | polished | 2026-03-09,gift-guide | carousel | prospecting | v1 | 2026-03-09,,yes
120000000012,sale-percent-off | static | house | promo | sleeping-bag | polished | 2026-03-09,sale-percent-off | static | prospecting | v1 | 2026-03-09,,yes
120000000016,partnership-trail | partnership | creator-06 | promo | trail-boot | lofi | 2026-03-09,partnership-trail | partnership | prospecting | v1 | 2026-03-09,,yes
120000000024,sale-bundle | carousel | house | promo | camp-stove | polished | 2026-03-09,sale-bundle | carousel | prospecting | v1 | 2026-03-09,,yes
120000000029,gift-guide-two | carousel | house | promo | day-pack | polished | 2026-03-11,gift-guide-two | carousel | prospecting | v1 | 2026-03-11,,yes
120000000013,new-drop-two | carousel | house | launch | water-bottle | polished | 2026-03-13,new-drop-two | carousel | prospecting | v1 | 2026-03-13,,yes
120000000015,unboxing | ugc-video | creator-05 | launch | camp-stove | lofi | 2026-03-13,unboxing | ugc-video | prospecting | v1 | 2026-03-13,,yes
120000000019,sale-last-chance | ugc-video | creator-08 | promo | rain-shell | lofi | 2026-03-16,sale-last-chance | ugc-video | prospecting | v1 | 2026-03-16,,yes
120000000020,founder-note | founder-video | founder | launch | headlamp | lofi | 2026-03-16,founder-note | founder-video | prospecting | v1 | 2026-03-16,,yes
120000000025,new-drop-three | static | house | launch | day-pack | polished | 2026-03-19,new-drop-three | static | prospecting | v1 | 2026-03-19,,yes
120000000027,partnership-camp | partnership | creator-11 | launch | water-bottle | lofi | 2026-03-19,partnership-camp | partnership | prospecting | v1 | 2026-03-19,,yes
120000000030,new-drop-four | ugc-video | creator-13 | launch | headlamp | lofi | 2026-03-27,new-drop-four | ugc-video | prospecting | v1 | 2026-03-27,,yes
